date,tweet,planecount,replies_count,retweets_count,likes_count,daygap
2020-06-09,"PLA Su-30 fighters entered southwestern part of Taiwan’s ADIZ this morning. #ROCAF fighters were in control of the situation and dispelled the aircrafts. To ensure the safety of our territory, #ROCArmedForces will constantly monitor surrounding and react situations initiatively.",2,8,5,28,
2020-06-10,,0,,,,
2020-06-11,,0,,,,
2020-06-12,,0,,,,
2020-06-13,,0,,,,
2020-06-14,,0,,,,
2020-06-15,,0,,,,
2020-06-16,,0,,,,
2020-06-17,,0,,,,
2020-06-18,,0,,,,
2020-06-19,,0,,,,
2020-06-20,,0,,,,
2020-06-21,,0,,,,
2020-06-22,,0,,,,
2020-06-23,,0,,,,
2020-06-24,,0,,,,
2020-06-25,,0,,,,
2020-06-26,,0,,,,
2020-06-27,,0,,,,
2020-06-28,,0,,,,
2020-06-29,,0,,,,
2020-06-30,,0,,,,
2020-07-01,,0,,,,
2020-07-02,,0,,,,
2020-07-03,,0,,,,
2020-07-04,,0,,,,
2020-07-05,,0,,,,
2020-07-06,,0,,,,
2020-07-07,,0,,,,
2020-07-08,,0,,,,
2020-07-09,,0,,,,
2020-07-10,,0,,,,
2020-07-11,,0,,,,
2020-07-12,,0,,,,
2020-07-13,,0,,,,
2020-07-14,,0,,,,
2020-07-15,,0,,,,
2020-07-16,,0,,,,
2020-07-17,,0,,,,
2020-07-18,,0,,,,
2020-07-19,,0,,,,
2020-07-20,,0,,,,
2020-07-21,,0,,,,
2020-07-22,,0,,,,
2020-07-23,,0,,,,
2020-07-24,,0,,,,
2020-07-25,,0,,,,
2020-07-26,,0,,,,
2020-07-27,,0,,,,
2020-07-28,,0,,,,
2020-07-29,,0,,,,
2020-07-30,,0,,,,
2020-07-31,,0,,,,
2020-08-01,,0,,,,
2020-08-02,,0,,,,
2020-08-03,,0,,,,
2020-08-04,,0,,,,
2020-08-05,,0,,,,
2020-08-06,,0,,,,
2020-08-07,,0,,,,
2020-08-08,,0,,,,
2020-08-09,,0,,,,
2020-08-10,,0,,,,
2020-08-11,,0,,,,
2020-08-12,,0,,,,
2020-08-13,,0,,,,
2020-08-14,,0,,,,
2020-08-15,,0,,,,
2020-08-16,,0,,,,
2020-08-17,,0,,,,
2020-08-18,,0,,,,
2020-08-19,,0,,,,
2020-08-20,,0,,,,
2020-08-21,,0,,,,
2020-08-22,,0,,,,
2020-08-23,,0,,,,
2020-08-24,,0,,,,
2020-08-25,,0,,,,
2020-08-26,,0,,,,
2020-08-27,,0,,,,
2020-08-28,,0,,,,
2020-08-29,,0,,,,
2020-08-30,,0,,,,
2020-08-31,,0,,,,
2020-09-01,,0,,,,
2020-09-02,,0,,,,
2020-09-03,,0,,,,
2020-09-04,,0,,,,
2020-09-05,,0,,,,
2020-09-06,,0,,,,
2020-09-07,,0,,,,
2020-09-08,,0,,,,
2020-09-09,,0,,,,
2020-09-10,,0,,,,
2020-09-11,,0,,,,
2020-09-12,,0,,,,
2020-09-13,,0,,,,
2020-09-14,,0,,,,
2020-09-15,,0,,,,
2020-09-16,"Sep. 16, two PLA Y-8 (for anti-submarine aircrafts) entered #Taiwan’s southwestern ADIZ. #ROCAF responded immediately and will continue to surveil the region.  https://t.co/8IU8xH0SaT",2,46,135,500,6
2020-09-17,,0,,,,
2020-09-18,,0,,,,
2020-09-19,,0,,,,
2020-09-20,,0,,,,
2020-09-21,,0,,,,
2020-09-22,Two PLA Y-8 ASW aircrafts entered #Taiwan’s southwest ADIZ on Sep. 22. #ROCAF scrambled fighters and deployed air defense missile system to monitor the activities. We will #protectourcountry regardless of day or night.  https://t.co/t4prijA4iL,2,43,184,470,2
2020-09-23,,0,,,,
2020-09-24,"On Sep. 24, the PLA Y-8 ASW aircraft still entered #Taiwan’s southwest ADIZ, the flight path as illustrated. #ROCAF fighters scrambled and deployed air defense missile system to monitor the activity. No mater what happened, we will Keep #protectourcountry firmly.  https://t.co/PhHJi6rmQt",1,36,73,251,5
2020-09-25,,0,,,,
2020-09-26,,0,,,,
2020-09-27,,0,,,,
2020-09-28,,0,,,,
2020-09-29,Two PLA Y-8 ASW aircrafts entered #Taiwan’s southwest ADIZ on Sep. 29. #ROCAF scrambled fighters and deployed air defense missile system to monitor the activities. Keeping #protectourcountry regardless of day or night.  https://t.co/fYnPPIgQAh,2,24,85,291,2
2020-09-30,,0,,,,
2020-10-01,"One PLA Y-8 ASW aircraft entered #Taiwan’s southwest ADIZ on Oct. 1, the flight path as illustrated. #ROCAF fighters scrambled and deployed air defense missile system to monitor the activity. No mater what happened, we will Keep #protectourcountry firmly.  https://t.co/90Y9N4QTm4",1,26,98,353,2
2020-10-02,,0,,,,
2020-10-03,"One PLA Y-8 ASW aircraft entered #Taiwan’s southwest ADIZ on Oct. 3, the flight path as illustrated. #ROCAF fighters scrambled and deployed air defense missile system to monitor the activity. No mater what happened, we keep #guard and #protectourcountry day and night.  https://t.co/Skxlm1DhqN",1,11,108,364,1
2020-10-04,"One PLA Y-8 ASW aircraft entered #Taiwan’s southwest ADIZ on Oct. 4, the flight path as illustrated. #ROCAF fighters scrambled and deployed air defense missile system to monitor the activity. We maintain close surveillance over the region and actively react to all situations.  https://t.co/pDtfiBCNrr",1,19,79,335,2
2020-10-05,,0,,,,
2020-10-06,"One PLA Y-8 ASW aircraft entered #Taiwan’s southwest ADIZ on Oct. 6, the flight path as illustrated. #ROCAF fighters scrambled and deployed air defense missile system to monitor the activity. No mater what happened, we keep #guard and #protectourcountry day and night.  https://t.co/nMOciqkJva",1,16,66,221,1
2020-10-07,"One PLA KJ-500 AEW&amp;C aircraft entered #Taiwan’s southwest ADIZ on Oct. 7, the flight path as illustrated. #ROCAF fighters scrambled and deployed air defense missile systems to monitor the activity. We maintain close surveillance over the region and keep #protectourcountry.  https://t.co/lwn6aI1mTC",1,27,71,264,1
2020-10-08,One PLA Y-8 ASW aircraft entered #Taiwan’s southwest ADIZ on Oct. 8. #ROCAF deployed patrolling aircraft and air defense missile systems to monitor the activity. We keep #protectourcountry regardless of day or night.  https://t.co/b2ctjMKEzG,1,21,49,231,1
2020-10-09,"One PLA Y-8 and one Y-9 aircraft entered #Taiwan’s southwest ADIZ on Oct. 9. #ROCAF deployed patrolling aircraft and air defense missile systems to monitor the activities. No matter what happened, we keep #protectourcountry regardless of day or night.  https://t.co/IbpjO3EHy0",1,38,130,489,1
2020-10-10,"One PLA Y-8 ASW aircraft entered #Taiwan’s southwest ADIZ on Oct. 10, the flight path as illustrated. #ROCAF deployed patrolling aircraft and air defense missile systems to monitor the activity. No matter what happened, we keep #guard and #protectourcountry day and night.  https://t.co/JW6GTFNb9v",1,21,54,207,1
2020-10-11,"One PLA Y-8 ASW aircraft entered #Taiwan’s southwest ADIZ on Oct. 11, the flight path as illustrated. #ROCAF fighters scrambled and deployed air defense missile system to monitor the activity. No matter what happened, we will Keep #protectourcountry firmly.  https://t.co/uKQmzXHU9S",1,35,116,372,4
2020-10-12,,0,,,,
2020-10-13,,0,,,,
2020-10-14,,0,,,,
2020-10-15,One PLA Y-8 ASW aircraft entered #Taiwan’s southwest ADIZ on the night of Oct. 15. #ROCAF deployed patrolling aircraft and air defense missile systems to monitor the activity. We keep #protectourcountry regardless of day or night.  https://t.co/qRN1qylD2e,1,20,82,308,1
2020-10-16,"One PLA Y-8 ASW aircraft entered #Taiwan’s southwest ADIZ in the morning of Oct. 16, the flight path as illustrated. #ROCAF deployed patrolling aircraft and air defense missile systems to monitor the activity. No matter what happened, we will Keep #protectourcountry firmly.  https://t.co/WyJPNEF4Ue",1,19,88,315,1
2020-10-17,"One PLA Y-8 ASW aircraft entered #Taiwan’s southwest ADIZ in the afternoon of Oct. 17, the flight path as illustrated. #ROCAF deployed patrolling aircraft and air defense missile systems to monitor the activity. No matter what happened, we keep #guarding our country day and night  https://t.co/RhXls7wJKS",1,25,65,248,3
2020-10-18,,0,,,,
2020-10-19,,0,,,,
2020-10-20,"Three PLA aircraft (KJ-500, Y-9 EW, and Y-8 ASW) entered #Taiwan’s southwest ADIZ on Oct. 20 #ROCAF deployed patrolling aircraft and air defense missile systems to monitor the activities. We keep #guard and #protectourcountry day and night.  https://t.co/JhH3aId3c2",3,23,111,284,1
2020-10-21,"One PLA Y-8 ASW aircraft entered #Taiwan’s southwest ADIZ in the afternoon of Oct. 21, the flight path as illustrated. #ROCAF deployed patrolling aircraft and air defense missile systems to monitor the activity. No matter what happened, we will Keep #protectourcountry firmly.  https://t.co/fPvMX129lA",1,17,60,206,4
2020-10-22,,0,,,,
2020-10-23,,0,,,,
2020-10-24,,0,,,,
2020-10-25,"One PLA Y-8 ASW aircraft entered #Taiwan’s southwest ADIZ in the afternoon of Oct. 25, the flight path as illustrated. #ROCAF deployed patrolling aircraft and air defense missile systems to monitor the activity. No matter what happened, we will Keep #protectourcountry firmly.  https://t.co/X298dI0oQF",1,18,65,268,1
2020-10-26,"Two PLA aircraft ( Y-8 ASW and RECCE) entered #Taiwan’s southwest ADIZ on Oct. 26, the flight paths as illustrated. #ROCAF deployed patrolling aircraft and air defense missile systems to monitor the activities. We keep protecting our people and country, any time, anywhere.  https://t.co/Joom5opl6f",2,13,68,264,1
2020-10-27,"One PLA Y-8 EW aircraft entered #Taiwan’s southwest ADIZ in the morning of Oct. 27, the flight path as illustrated. #ROCAF deployed patrolling aircraft and air defense missile systems to monitor the activity. We keep protecting our people and country, anytime, anywhere.  https://t.co/qYcUrQWcpg",1,33,48,227,1
2020-10-28,"Another PLA Y-8 EW aircraft entered #Taiwan’s southwest ADIZ on the evening of Oct. 28, the flight path as illustrated. #ROCAF deployed patrolling aircraft and air defense missile systems to monitor the activity. We never slack off protecting our people and guarding the country.  https://t.co/Thdb5FDwCr",1,11,39,159,0
2020-10-28,"One PLA Y-9 EW aircraft entered #Taiwan’s southwest ADIZ in the morning of Oct. 28, the flight path as illustrated. #ROCAF deployed patrolling aircraft and air defense missile systems to monitor the activity. No matter what happened, we will Keep #protectourcountry firmly.  https://t.co/Wzr9AvJubg",1,18,51,260,1
2020-10-29,"One PLA Y-9 EW aircraft entered #Taiwan’s southwest ADIZ on the morning of Oct. 29, the flight path as illustrated. #ROCAF deployed patrolling aircraft and air defense missile systems to monitor the activity. We keep #protectourcountry regardless of day or night.  https://t.co/fc4q3BGXoI",1,19,32,173,1
2020-10-30,"Three PLA aircraft (Y-8 ELINT, Y-8 EW, and Y-8 RECCE) entered #Taiwan’s southwest ADIZ on Oct. 30. #ROCAF deployed patrolling aircraft and air defense missile systems to monitor the activities. No matter what happened, we keep #guarding our country day and night.  https://t.co/IPVQVh0KWU",3,20,48,190,1
2020-10-31,"One PLA Y-8 ASW aircraft entered #Taiwan’s southwest ADIZ in the morning of Oct. 31, the flight path as illustrated. #ROCAF deployed patrolling aircraft and air defense missile systems to monitor the activity. We keep #protectourcountry regardless of day or night.  https://t.co/P2dU2Fm63k",1,31,45,210,1
2020-11-01,"One PLA Y-8 RECCE aircraft entered #Taiwan’s southwest ADIZ in the morning of Nov. 1, the flight path as illustrated. #ROCAF deployed patrolling aircraft and air defense missile systems to monitor the activity. No matter what happened, we will Keep #protectourcountry firmly.  https://t.co/3ZuJCxAP2r",1,14,73,275,1
2020-11-02,"Eight PLA aircraft (Y-8 ASW*1, Y-8 RECCE*1, SU-30*2, J-16*2, and J-10*2) entered #Taiwan’s southwest ADIZ on Nov. 2, the flight paths as illustrated. #ROCAF deployed patrolling aircraft and air defense missile systems to monitor the activities.  #Guard and #Protectourcountry.  https://t.co/BswbPWDgWO",8,38,107,375,1
2020-11-03,"One PLA Y-8 ASW aircraft entered #Taiwan’s southwest ADIZ in the morning of Nov. 3, the flight path as illustrated. #ROCAF deployed patrolling aircraft and air defense missile systems to monitor the activity. #Guard and #Protectourcountry.  https://t.co/oOBhHtz69c",1,19,40,203,1
2020-11-04,"One PLA Y-9 EW aircraft entered #Taiwan’s southwest ADIZ in the morning of Nov. 4, the flight path as illustrated. #ROCAF deployed patrolling aircraft and air defense missile systems to monitor the activity. Keep #protectourcountry and maintain regional peace and stability.  https://t.co/h3Na4VMRIG",1,20,30,181,1
2020-11-05,"Three PLA aircraft (Y-9 EW, Y-8 EW, and Y-8 ASW) entered #Taiwan’s southwest ADIZ in the afternoon of Nov. 5, the flight paths as illustrated. #ROCAF deployed patrolling aircraft and air defense missile systems to monitor the activities. #Guard and #Protectourcountry.  https://t.co/uqY6oAUu7n",3,34,38,189,1
2020-11-06,"One PLA Y-8 EW aircraft entered #Taiwan’s southwest ADIZ in the morning of Nov. 6, the flight path as illustrated. #ROCAF deployed patrolling aircraft and air defense missile systems to monitor the activity. #Guard and #Protectourcountry.  https://t.co/0DyDFNCxy3",1,54,37,192,4
2020-11-07,,0,,,,
2020-11-08,,0,,,,
2020-11-09,,0,,,,
2020-11-10,"One PLA Y-8 ASW aircraft entered #Taiwan’s southwest ADIZ in the morning of Nov. 10, the flight path as illustrated. #ROCAF deployed patrolling aircraft and air defense missile systems to monitor the activity. #Guard and #Protectourcountry.  https://t.co/QGoifMn6kg",1,20,44,223,1
2020-11-11,"Two PLA aircraft (Y-8 RECCE and Y-8 ASW) entered #Taiwan’s southwest ADIZ in the afternoon of Nov. 11, the flight paths as illustrated. #ROCAF deployed patrolling aircraft and air defense missile systems to monitor the activities. #Guard and #Protectourcountry.  https://t.co/V5xrkZt62S",2,17,46,203,1
2020-11-12,"One PLA Y-8 ASW aircraft entered #Taiwan’s southwest ADIZ in the morning of Nov. 12, the flight path as illustrated. #ROCAF deployed patrolling aircraft and air defense missile systems to monitor the activity. #Guard and #Protectourcountry.  https://t.co/aUN8VmPDP5",1,22,37,219,2
2020-11-13,,0,,,,
2020-11-14,"One PLA Y-8 EW aircraft entered #Taiwan’s southwest ADIZ in the morning of Nov. 14, the flight path as illustrated. #ROCAF deployed patrolling aircraft and air defense missile systems to monitor the activity. #Guard and #Protectourcountry.  https://t.co/PEDxhPhb1m",1,23,38,188,1
2020-11-15,"Two PLA aircraft (Y-8 ASW and Y-8 RECCE) entered #Taiwan’s southwest ADIZ on Nov. 15, the flight paths as illustrated. #ROCAF deployed patrolling aircraft and air defense missile systems to monitor the activities. #Guard and #Protectourcountry.  https://t.co/shH5PavZpH",2,18,26,192,1
2020-11-16,"Two PLA aircraft (Y-8 ASW and Y-8 EW) entered #Taiwan’s southwest ADIZ on Nov. 16, the flight paths as illustrated. #ROCAF deployed patrolling aircraft and air defense missile systems to monitor the activities. #Guard and #Protectourcountry.  https://t.co/oCbjb92Bpp",2,25,55,220,1
2020-11-17,"Two PLA aircraft (Y-8 ASW and Y-8 EW) entered #Taiwan’s southwest ADIZ in the morning of Nov. 17, the flight paths as illustrated. #ROCAF deployed patrolling aircraft and air defense missile systems to monitor the activities. #Guard and #Protectourcountry.  https://t.co/WPtnlN4SsC",2,24,34,150,1
2020-11-18,"Three PLA aircraft (Y-8 ASW, Y-8 EW, and Y-9 EW) entered #Taiwan’s southwest ADIZ on Nov. 18, the flight paths as illustrated. #ROCAF deployed patrolling aircraft and air defense missile systems to monitor the activities.  #Guard and #Protectourcountry.  https://t.co/2sE0QysCJz",3,29,39,178,3
2020-11-19,,0,,,,
2020-11-20,,0,,,,
2020-11-21,"Two PLA aircraft (Y-8 RECCE and Y-8 ASW) entered #Taiwan’s southwest ADIZ on Nov. 21, the flight paths as illustrated. #ROCAF deployed patrolling aircraft and air defense missile systems to monitor the activities. #Guard and #Protectourcountry.  https://t.co/hribZMT5US",2,18,28,148,1
2020-11-22,"One PLA Y-8 ASW aircraft entered #Taiwan’s southwest ADIZ on Nov. 22, the flight path as illustrated. #ROCAF deployed patrolling aircraft and air defense missile systems to monitor the activity. #Guard and #Protectourcountry.  https://t.co/DiAsnlSE79",1,22,26,147,1
2020-11-23,"One PLA Y-8 ASW aircraft entered #Taiwan’s southwest ADIZ on Nov. 23, the flight path as illustrated. #ROCAF deployed patrolling aircraft and air defense missile systems to monitor the activity. #Guard and #Protectourcountry.  https://t.co/ZDgP0UdNSE",1,16,36,186,1
2020-11-24,"Two PLA aircraft (Y-8 ASW and Y-8 EW) entered #Taiwan’s southwest ADIZ on Nov. 24, the flight paths as illustrated. #ROCAF deployed patrolling aircraft and air defense missile systems to monitor the activities. #Guard and #Protectourcountry.  https://t.co/LNDsb2F7mx",2,17,31,171,1
2020-11-25,"One PLA Y-8 ASW aircraft entered #Taiwan’s southwest ADIZ on Nov. 25, the flight path as illustrated. #ROCAF deployed patrolling aircraft and air defense missile systems to monitor the activity. #Guard and #Protectourcountry.  https://t.co/2IdiaU6ISh",1,18,33,161,3
2020-11-26,,0,,,,
2020-11-27,,0,,,,
2020-11-28,"Two PLA aircraft (Y-8 ASW and Y-8 RECCE) entered #Taiwan’s southwest ADIZ on Nov. 28, the flight paths as illustrated. #ROCAF deployed patrolling aircraft and air defense missile systems to monitor the activities. #Guard and #Protectourcountry.  https://t.co/ji8PLq5Z39",2,25,37,200,1
2020-11-29,One PLA Y-8 ASW aircraft entered #Taiwan’s southwest ADIZ on the evening of Nov. 29. Please check our official website to get more information:  https://t.co/UyRPbxvhWR  https://t.co/5j7hUn0dKk,1,17,30,140,1
2020-11-30,Two PLA aircraft (Y-8 RECCE and Y-8 EW) entered #Taiwan’s southwest ADIZ on Nov. 30. Please check our official website to get more information:  https://t.co/NaWbIlqTbZ  https://t.co/WhBiqw6zQM,2,22,27,120,1
2020-12-01,One PLA Y-8 ASW aircraft entered #Taiwan’s southwest ADIZ in the morning of Dec 1. Please check our official website to get more information:  https://t.co/yG4I0CS99a  https://t.co/F2rqEwdETd,1,25,31,139,1
2020-12-02,One PLA Y-8 ASW aircraft entered #Taiwan’s southwest ADIZ in the morning of Dec 2. Please check our official website to get more information:  https://t.co/xptJdncgMK  https://t.co/vJWqidf4wh,1,22,31,128,2
2020-12-03,,0,,,,
2020-12-04,"Three PLA aircraft (Y-8 ASW, Y-8 RECCE, and Y-8 EW) entered #Taiwan’s southwest ADIZ on Dec. 4. Please check our official website to get more information:  https://t.co/4rFktOaTLa  https://t.co/HB3tz2qRlf",3,17,30,152,1
2020-12-05,Two PLA aircraft (Y-8 ASW and Y-8 RECCE) entered #Taiwan’s southwest ADIZ on Dec. 5. Please check our official website to get more information:  https://t.co/bFdWVy7OHr  https://t.co/kdo4J5Rc08,2,19,30,161,1
2020-12-06,One PLA Y-8 ASW aircraft entered #Taiwan’s southwest ADIZ in the afternoon of Dec. 6. Please check our official website to get more information:  https://t.co/oooy7sP7pg  https://t.co/LCsvOqpC1o,1,10,23,124,1
2020-12-07,One PLA Y-8 ASW aircraft entered #Taiwan’s southwest ADIZ in the morning of Dec 7. Please check our official website to get more information:  https://t.co/md40rwkTLO  https://t.co/a15itQN7Xg,1,6,19,113,2
2020-12-08,,0,,,,
2020-12-09,Two PLA aircraft (Y-8 EW and Y-8 RECCE) entered #Taiwan’s southwest ADIZ on Dec. 9. Please check our official website to get more information:  https://t.co/V2AD3ivmpC  https://t.co/2MWbSi0Ptv,2,12,23,101,1
2020-12-10,One PLA Y-8 EW aircraft entered #Taiwan’s southwest ADIZ in the morning of Dec 10. Please check our official website for more information:  https://t.co/qUkHRa6eaj  https://t.co/URuYBjGTOe,1,10,30,143,2
2020-12-11,,0,,,,
2020-12-12,One PLA Y-8 ASW aircraft entered #Taiwan’s southwest ADIZ on Dec 12. Please check our official website for more information:  https: https://t.co/gpLcdRsniI  https://t.co/osbEHRbdIr,1,18,32,150,3
2020-12-13,,0,,,,
2020-12-14,,0,,,,
2020-12-15,Two PLA aircraft (Y-8 ASW and Y-8 RECCE) entered #Taiwan’s southwest ADIZ on Dec. 15. Please check our official website to get more information:  https://t.co/EumT8v9iYr  https://t.co/09mPl09QQH,2,13,31,129,1
2020-12-16,"Four PLA aircraft (Y-8 ASW ,Y-8 ELINT, Y-9 EW and Y-8 RECCE) entered #Taiwan’s southwest ADIZ on Dec 16. Please check our official website for more information:  https://t.co/B1JSL7QnLu  https://t.co/dvMUcS7wYM",4,20,39,173,4
2020-12-17,,0,,,,
2020-12-18,,0,,,,
2020-12-19,,0,,,,
2020-12-20,Two PLA aircraft (Y-8 EW and Y-8 ASW) entered #Taiwan’s southwest ADIZ on Dec. 20. Please check our official website for more information:  https://t.co/SJas2NnQav  https://t.co/gGpH6gEe5g,2,33,46,234,1
2020-12-21,Two PLA aircraft (Y-9 EW and Y-8 RECCE) entered #Taiwan’s southwest ADIZ in the afternoon of Dec. 21. Please check our official website for more information:  https://t.co/otlgfKOWFC  https://t.co/APzUoqaXwO,2,22,69,170,1
2020-12-22,Two PLA aircraft (Y-8 ASW and Y-8 EW) entered #Taiwan’s southwest ADIZ on Dec. 22. Please check our official website for more information:  https://t.co/0TJSd4EE1E  https://t.co/FSkuYpWlvu,2,17,41,173,2
2020-12-23,,0,,,,
2020-12-24,Two PLA aircraft (Y-8 ASW and Y-8 EW) entered #Taiwan’s southwest ADIZ on Dec. 24. Please check our official website for more information:  https://t.co/0i5diM5pYx  https://t.co/vPKGHJov0X,2,9,32,130,1
2020-12-25,Two PLA aircraft (Y-8 ASW and Y-8 RECCE) entered #Taiwan’s southwest ADIZ on Dec. 25. Please check our official website for more information:  https://t.co/y4g8rjNykf  https://t.co/PYOTtjPQy4,2,26,58,184,1
2020-12-26,One PLA Y-8 ASW aircraft entered #Taiwan’s southwest ADIZ on Dec 26. Please check our official website for more information:  https://t.co/P4gbtEZvWq  https://t.co/0w6fzUScIx,1,11,37,125,2
2020-12-27,,0,,,,
2020-12-28,One PLA Y-8 RECCE entered #Taiwan’s southwest ADIZ in the afternoon of Dec 28. Please check our official website for more information:  https://t.co/pKBlZ14hOh  https://t.co/UYtlOvF5QM,1,13,28,114,1
2020-12-29,One PLA Y-8 ASW aircraft entered #Taiwan’s southwest ADIZ on Dec 29. Please check our official website for more information:  https://t.co/ACQbxIt9ao  https://t.co/uJTRMCQAPh,1,16,47,118,4
2020-12-30,,0,,,,
2020-12-31,,0,,,,
2021-01-01,,0,,,,
2021-01-02,"One PLA Y-8 RECCE entered #Taiwan’s southwest ADIZ in the afternoon of Jan. 2, 2021. Please check our official website for more information:  https://t.co/cAndHq51Za  https://t.co/B9hlTPOXJy",1,24,42,147,1
2021-01-03,"One PLA Y-8 ASW aircraft entered #Taiwan’s southwest ADIZ on Jan. 3, 2021. Please check our official website for more information:  https://t.co/oUiinBN2H1  https://t.co/8dWpfokn6F",1,36,33,158,1
2021-01-04,"Four PLA aircraft (Y-8 EW ,Y-8 ASW, Y-8 RECCE and Y-9 EW) entered #Taiwan’s southwest ADIZ on Jan. 4, 2021. Please check our official website for more information:  https://t.co/cPt54TFhGD  https://t.co/JVUbWB12WQ",4,30,33,141,1
2021-01-05,"One PLA Y-8 EW aircraft entered #Taiwan’s southwest ADIZ on Jan. 5, 2021. Please check our official website for more information:  https://t.co/mzIxNQRyj0  https://t.co/wAEeIXudTe",1,22,25,112,1
2021-01-06,"Two PLA aircraft (Y-8 ASW and Y-8 EW) entered #Taiwan’s southwest ADIZ on Jan. 6, 2021. Please check our official website for more information:  https://t.co/SulipIucin  https://t.co/pCSQ2ZZOf2",2,23,36,120,1
2021-01-07,"One PLA KJ-500 AEW&amp;C aircraft entered #Taiwan’s southwest ADIZ on Jan. 7, 2021. Please check our official website for more information:  https://t.co/re6Lp2uGGP  https://t.co/AlQUTm1VyI",1,28,41,187,2
2021-01-08,,0,,,,
2021-01-09,"One PLA Y-8 ASW aircraft entered #Taiwan’s southwest ADIZ on Jan. 9, 2021. Please check our official website for more information:  https://t.co/MTapSBR1ee  https://t.co/ahMtnjUteY",1,18,34,132,2
2021-01-10,,0,,,,
2021-01-11,"One PLA Y-8 RECCE aircraft entered #Taiwan’s southwest ADIZ on Jan.11, 2021. Please check our official website for more information:  https://t.co/yjA7Fpcitm  https://t.co/oPATspm8IX",1,26,43,149,1
2021-01-12,"Three PLA aircraft (Y-8 ASW, Y-8 EW, and Y-8 RECCE) entered #Taiwan’s southwest ADIZ on Jan. 12, 2021. Please check our official website for more information:  https://t.co/c78NhSBnTX  https://t.co/UWw87nOLce",3,30,51,196,1
2021-01-13,"One PLA Y-8 ASW aircraft entered #Taiwan’s southwest ADIZ on Jan.13, 2021. Please check our official website for more information:  https://t.co/YFRFaiADoc  https://t.co/kHGcp3BGEE",1,31,34,133,1
2021-01-14,"Two PLA aircraft (Y-8 EW and Y-8 RECCE) entered #Taiwan’s southwest ADIZ on Jan. 14, 2021. Please check our official website for more information:  https://t.co/QQgDIanqtW  https://t.co/vDO1OUGdW5",2,7,35,137,1
2021-01-15,"One PLA Y-8 ASW aircraft entered #Taiwan’s southwest ADIZ on Jan. 15, 2021. Please check our official website for more information:  https://t.co/ZcK7bu4YDn  https://t.co/Tpkf1qmAF8",1,16,26,111,1
2021-01-16,"One PLA Y-8 ASW aircraft entered #Taiwan’s southwest ADIZ on Jan. 16, 2021. Please check our official website for more information:  https://t.co/TViDC9JCyP  https://t.co/EqSiHEskQY",1,26,31,133,1
2021-01-17,"One PLA Y-8 EW aircraft entered #Taiwan’s southwest ADIZ on Jan. 17, 2021. Please check our official website for more information:  https://t.co/OPe29MNWRe  https://t.co/loZoOPSYBD",1,35,46,172,1
2021-01-18,"Three PLA aircraft (Y-8 RECCE, Y-8 ASW and Y-8 EW) entered #Taiwan’s southwest ADIZ on Jan. 18, 2021. Please check our official website for more information:  https://t.co/c9VwCrykI9  https://t.co/9fKVNimjeu",3,40,45,167,1
2021-01-19,"Two PLA aircraft (Y-8 ELINT and Y-8 EW) entered #Taiwan’s southwest ADIZ on Jan. 19, 2021. Please check our official website for more information:  https://t.co/AO0uVgscar  https://t.co/Mvz0JyHspA",2,21,43,149,1
2021-01-20,"One PLA Y-8 RECCE aircraft entered #Taiwan’s southwest ADIZ on Jan. 20, 2021. Please check our official website for more information:  https://t.co/j5X4lEuRmf  https://t.co/aDUCDS2M9c",1,28,32,121,2
2021-01-21,,0,,,,
2021-01-22,"One PLA Y-9 EW aircraft entered #Taiwan’s southwest ADIZ on Jan. 22, 2021. Please check our official website for more information:  https://t.co/vVsUpWpnz2  https://t.co/a2ZHJQwLUC",1,25,62,187,1
2021-01-23,"Thirteen PLA aircraft (Y-8 ASW*1、H-6K*8、J-16*4) entered #Taiwan’s southwest ADIZ on Jan. 23, 2021. Please check our official website for more information:  https://t.co/amqJjvHyAj  https://t.co/tE1XlHdWmO",13,140,588,980,1
2021-01-24,"Fifteen PLA aircraft (Y-8 ASW*2、SU-30*2、J-16*4、J-10*6、Y-8 RECCE*1) entered #Taiwan’s southwest ADIZ on Jan. 24, 2021. Please check our official website for more information:  https://t.co/lJ8ddkMvl5  https://t.co/tQV0SoPuWR",15,126,643,1144,1
2021-01-25,"One PLA Y-8 ASW aircraft entered #Taiwan’s southwest ADIZ on Jan. 25, 2021. Please check our official website for more information:  https://t.co/cJCu3BHjWB  https://t.co/4YBJeQnTqx",1,35,56,191,1
2021-01-26,"Four PLA aircraft (Y-8 ASW, Y-8 EW and J-10) entered #Taiwan’s southwest ADIZ on Jan. 26, 2021. Please check our official website for more information:  https://t.co/08UcXIND0F  https://t.co/CAy35Xh6U9",4,32,78,238,1
2021-01-27,"Four PLA aircraft (Y-8 ASW, Y-8 EW and Y-8 RECCE) entered #Taiwan’s southwest ADIZ on Jan. 27, 2021. Please check our official website for more information:  https://t.co/7W54bBiiyz  https://t.co/wRtTGJmfu6",4,46,65,198,1
2021-01-28,"Two PLA J-10 entered #Taiwan’s southwest ADIZ on the evening of Jan. 28, 2021. Please check our official website for more information:  https://t.co/4bEeYcwPF5  https://t.co/t7oonTXHyd",2,34,47,182,0
2021-01-28,"Four PLA aircraft (KJ-500 AEW&amp;C, Y-8 ELINT and J-10) entered #Taiwan’s southwest ADIZ on Jan. 28, 2021. Please check our official website for more information:  https://t.co/FPROndGV5h  https://t.co/6svF9aeK2I",4,23,76,217,1
2021-01-29,"Two PLA aircraft (Y-8 ASW and Y-8 RECCE) entered #Taiwan’s southwest ADIZ on Jan. 29, 2021. Please check our official website for more information:  https://t.co/mAX1DbYGq7  https://t.co/tTl884HyAG",2,57,115,299,1
2021-01-30,"One PLA Y-8 ASW entered #Taiwan’s southwest ADIZ on Jan. 30, 2021. Please check our official website for more information： https://t.co/NCzSf7B00s  https://t.co/Rqo7d7XaM4",1,46,76,234,1
2021-01-31,"Two PLA J-11 entered #Taiwan’s southwest ADIZ on the night of Jan. 31, 2021. Please check our official website for more information:  https://t.co/QReHsxaGPM  https://t.co/rupGkmJsMV",2,45,66,225,0
2021-01-31,"Five PLA aircraft (Y-8 RECCE, J-10 and J-11) and one US RECCE aircraft entered #Taiwan’s southwest ADIZ on Jan. 31, 2021. Please check our official website for more information:  https://t.co/lklNSARfT4  https://t.co/MAZZ5xdtoO",5,31,94,269,1
2021-02-01,"One PLA Y-8 ASW and three US aircraft (RECCE*2, TANKER) entered #Taiwan’s southwest ADIZ on Feb. 1, 2021. Please check our official website for more information:  https://t.co/2Ai8isnqrf  https://t.co/07VlHnSQPX",1,56,91,268,1
2021-02-02,"One PLA Y-8 RECCE entered #Taiwan’s southwest ADIZ on the night of Feb. 2, 2021. Please check our official website for more information:  https://t.co/wiZYNPvPld  https://t.co/vnML4mYwci",1,23,53,178,2
2021-02-03,,0,,,,
2021-02-04,"Two PLA aircraft (Y-8 ELINT and Y-8 RECCE) entered #Taiwan’s southwest ADIZ on Feb. 4, 2021. Please check our official website for more information:  https://t.co/W5KUzPqajV  https://t.co/mpUiHFLs8T",2,27,56,195,1
2021-02-05,"One PLA Y-8 ASW entered #Taiwan’s southwest ADIZ on Feb. 5, 2021. Please check our official website for more information:  https://t.co/HP66XugSU0  https://t.co/QhlehjyEWB",1,17,46,143,1
2021-02-06,"One PLA Y-8 RECCE entered #Taiwan’s southwest ADIZ in the afternoon of Feb. 6, 2021. Please check our official website for more information:  https://t.co/zwdDJxGf1j  https://t.co/SucsSh8nHB",1,19,50,162,1
2021-02-07,"Two PLA Y-8 ASW entered #Taiwan’s southwest ADIZ in the morning of Feb. 7, 2021. Please check our official website for more information:  https://t.co/16Ak2son4c  https://t.co/dnnjCTtqtu",2,26,54,186,1
2021-02-08,"Two PLA J-16 entered #Taiwan’s southwest ADIZ on the night of Feb. 8, 2021. Please check our official website for more information:  https://t.co/MVixabqQ8d  https://t.co/EoQRFwkiK3",2,119,123,382,5
2021-02-09,,0,,,,
2021-02-10,,0,,,,
2021-02-11,,0,,,,
2021-02-12,,0,,,,
2021-02-13,"Two PLA aircraft (Y-8 ASW and Y-8 RECCE) entered #Taiwan’s southwest ADIZ on Feb. 13, 2021. Please check our official website for more information:  https://t.co/KP7SDgwYTO  https://t.co/3r7sNzOeFw",2,31,67,212,2
2021-02-14,,0,,,,
2021-02-15,"One PLA Y-8 ASW entered #Taiwan’s southwest ADIZ in the morning of Feb. 15, 2021. Please check our official website for more information:  https://t.co/CQKDfJQ17J  https://t.co/K5KvoHARBV",1,33,75,196,1
2021-02-16,"One PLA Y-8 ASW entered #Taiwan’s southwest ADIZ in the morning of Feb. 16, 2021. Please check our official website for more information:  https://t.co/OJuQwxGwnX  https://t.co/nF3GBzwLIt",1,29,50,192,1
2021-02-17,"Two PLA Y-8 RECCE entered #Taiwan’s southwest ADIZ in the morning of Feb. 17, 2021. Please check our official website for more information:  https://t.co/jUG3ymKBNo  https://t.co/8uAGqttCml",2,25,51,155,1
2021-02-18,"One PLA Y-8 RECCE entered #Taiwan’s southwest ADIZ in the afternoon of Feb. 18, 2021. Please check our official website for more information:  https://t.co/Lugsglhfyu  https://t.co/ekpbXee4Cl",1,32,39,148,1
2021-02-19,"Nine PLA aircraft (J-16*4, JH-7*4 and Y-9 EW) entered #Taiwan’s southwest ADIZ on Feb. 19, 2021. Please check our official website for more information:  https://t.co/FHz3QVdQCS  https://t.co/YbI6NrC67h",9,61,123,272,1
2021-02-20,"11 PLA aircraft (J-10*2, J-16*2, JH-7*4 , JH-7*2 and Y-8 ASW) entered #Taiwan’s southwest ADIZ on Feb. 20, 2021. Intelligence indicates this to be PLA’s annually joint exercise, which we keep monitoring at all time. More information on:  https://t.co/huP8p0rAEq  https://t.co/Jlm8gjMdTF",11,75,138,321,2
2021-02-21,,0,,,,
2021-02-22,"One PLA Y-8 ASW entered #Taiwan’s southwest ADIZ in the afternoon of Feb. 22, 2021. Please check our official website for more information:  https://t.co/qcmpYS7gSE  https://t.co/aQt1BS7v3f",1,25,44,130,1
2021-02-23,"One PLA Y-8 ASW entered #Taiwan’s southwest ADIZ in the afternoon of Feb. 23, 2021. Please check our official website for more information:  https://t.co/PJJut5iQZ5  https://t.co/lsIqTwZGLi",1,39,76,174,5
2021-02-24,,0,,,,
2021-02-25,,0,,,,
2021-02-26,,0,,,,
2021-02-27,,0,,,,
2021-02-28,"One PLA Y-8 ASW entered #Taiwan’s southwest ADIZ in the afternoon of Feb. 28, 2021. Please check our official website for more information:  https://t.co/nN0RnnQItJ  https://t.co/11kEgXg6yP",1,37,58,146,1
2021-03-01,"One PLA Y-8 ASW entered #Taiwan’s southwest ADIZ in the afternoon of Mar. 1, 2021. Please check our official website for more information:  https://t.co/ZE1xR9aXil  https://t.co/djFTAZsrAh",1,35,71,190,1
2021-03-02,"One PLA Y-8 RECCE entered #Taiwan’s southwest ADIZ in the afternoon of Mar. 2, 2021. Please check our official website for more information:  https://t.co/fd62w9wV68  https://t.co/njNdXWQZHT",1,22,37,140,1
2021-03-03,"Two PLA aircraft (Y-8 RECCE and Y-8 ASW) entered #Taiwan’s southwest ADIZ on Mar. 3, 2021. Please check our official website for more information:  https://t.co/PmyFvEK0pP  https://t.co/k06zc8j8ge",2,32,64,175,5
2021-03-04,,0,,,,
2021-03-05,,0,,,,
2021-03-06,,0,,,,
2021-03-07,,0,,,,
2021-03-08,"Two PLA aircraft (Y-8 RECCE and Y-8 ASW ) entered #Taiwan’s southwest ADIZ on Mar. 8, 2021. Please check our official website for more information:  https://t.co/fxnJQmduCT  https://t.co/YqaNGjvY9k",2,26,50,172,2
2021-03-09,,0,,,,
2021-03-10,"One PLA Y-8 ASW entered #Taiwan’s southwest ADIZ in the afternoon of Mar. 10, 2021. Please check our official website for more information:  https://t.co/0vbnOq6wNH  https://t.co/giVuk3dvv1",1,23,29,125,1
2021-03-11,"One PLA Y-8 ASW entered #Taiwan’s southwest ADIZ on the night of Mar. 11, 2021. Please check our official website for more information:  https://t.co/s69nIdHCer  https://t.co/ouj9sMUgpr",1,22,57,156,1
2021-03-12,"One PLA Y-8 RECCE entered #Taiwan’s southwest ADIZ in the afternoon of Mar. 12, 2021. Please check our official website for more information:  https://t.co/5gX0uhfxvW  https://t.co/GKSztQngLZ",1,17,35,139,2
2021-03-13,,0,,,,
2021-03-14,"One PLA Y-8 ASW entered #Taiwan’s southwest ADIZ in the afternoon of Mar. 14, 2021. Please check our official website for more information:  https://t.co/FBTMkqZTB4  https://t.co/UCTbUTkxji",1,28,43,158,1
2021-03-15,"Two PLA aircraft (Y-8 RECCE and Y-8 ASW ) entered #Taiwan’s southwest ADIZ in the afternoon of Mar. 15, 2021. Please check our official website for more information:  https://t.co/cye6in35aB  https://t.co/rPgvmryozw",2,20,51,133,2
2021-03-16,,0,,,,
2021-03-17,"One PLA Y-8 ASW entered #Taiwan’s southwest ADIZ in the afternoon of Mar. 17, 2021. Please check our official website for more information:  https://t.co/ks6LrhzgGv  https://t.co/YwqoqPaXmd",1,38,38,144,3
2021-03-18,,0,,,,
2021-03-19,,0,,,,
2021-03-20,"One PLA Y-8 ASW entered #Taiwan’s southwest ADIZ in the morning of Mar. 20, 2021. Please check our official website for more information:  https://t.co/W1HU7i1wmW  https://t.co/x59xdXzPvS",1,43,50,176,2
2021-03-21,,0,,,,
2021-03-22,"Two PLA J-10 entered #Taiwan’s southwest ADIZ in the morning of Mar. 22, 2021. Please check our official website for more information:  https://t.co/ondo0COiZ4  https://t.co/ojf1iPGL2r",2,24,51,165,2
2021-03-23,,0,,,,
2021-03-24,"Three PLA aircraft (Y-8 ASW and J-10*2) entered #Taiwan’s southwest ADIZ in the afternoon of Mar. 24, 2021. Please check our official website for more information:  https://t.co/lN7Zq8zLqF  https://t.co/Jr5fdhuycH",3,35,48,180,1
2021-03-25,"Three PLA aircraft (Y-8 ASW and J-10*2) entered #Taiwan’s southwest ADIZ on Mar. 25, 2021. Please check our official website for more information:  https://t.co/uWprZvwe7A  https://t.co/ELsZ6QtsfT",3,27,61,183,1
2021-03-26,"20 PLA aircraft (Y-8 ASW*2, KJ-500 AEW&amp;C, H-6K*4, J-16*10, J-10*2 and Y-8 RECCE) entered #Taiwan’s southwest ADIZ on Mar. 26, 2021. Please check our official website for more information:  https://t.co/KdPmWCid1Z  https://t.co/OFKTMsNXC3",20,171,377,885,1
2021-03-27,"One PLA J-10 entered #Taiwan’s southwest ADIZ in the morning of Mar. 27, 2021. Please check our official website for more information:  https://t.co/vaYQtOWFWc  https://t.co/1hElWu26nQ",1,38,53,233,2
2021-03-28,,0,,,,
2021-03-29,"10 PLA aircraft (KJ-500 AEW&amp;C, Y-8 ASW, J-16*4 and J-10*4) entered #Taiwan’s southwest ADIZ on Mar. 29, 2021. Please check our official website for more information:  https://t.co/DOWR45v4gP  https://t.co/6s1v6RtVeZ",10,56,196,465,1
2021-03-30,"One PLA Y-8 ASW entered #Taiwan’s southwest ADIZ in the morning of Mar. 30, 2021. Please check our official website for more information:  https://t.co/rt35y8HEzK  https://t.co/PYY3Ti4cBi",1,79,91,243,4
2021-03-31,,0,,,,
2021-04-01,,0,,,,
2021-04-02,,0,,,,
2021-04-03,"One PLA Y-8 ASW entered #Taiwan’s southwest ADIZ in the afternoon of Apr. 3, 2021. Please check our official website for more information:  https://t.co/7foyApP738  https://t.co/6ZlRl1RixH",1,32,78,274,1
2021-04-04,"One PLA Y-8 RECCE entered #Taiwan’s southwest ADIZ in the morning of Apr. 4, 2021. Please check our official website for more information:  https://t.co/ftWeM1mrM7  https://t.co/g7fYTykzHg",1,23,73,198,1
2021-04-05,"10 PLA aircraft (Y-8 ASW, KJ-500 AEW&amp;C, J-16*4 and J-10*4) entered #Taiwan’s southwest ADIZ on Apr. 5, 2021. Please check our official website for more information:  https://t.co/DHD1KKonGE  https://t.co/MCwnnc7Em4",10,61,128,290,1
2021-04-06,"4 PLA aircraft (J-16*2, KJ-500 AEW&amp;C and Y-8 RECCE) entered #Taiwan’s southwest ADIZ on Apr. 6, 2021. Please check our official website for more information:  https://t.co/rMTiTB8xYY  https://t.co/jT6Eco81EZ",4,34,108,238,1
2021-04-07,"15 PLA aircraft (J-10*8, J-16*4, Y-8 ASW and KJ-500 AEW&amp;C ) entered #Taiwan’s southwest ADIZ on Apr. 7, 2021. Please check our official website for more information:  https://t.co/p4KOVDDcFI  https://t.co/TWYcYsCQcg",15,60,179,367,1
2021-04-08,"2 PLA Y-8 ASW entered #Taiwan’s southwest ADIZ on Apr. 8, 2021. Please check our official website for more information:  https://t.co/O6BJHueLid  https://t.co/tTBYHyJjqo",2,42,60,167,1
2021-04-09,"11 PLA aircraft (J-10*4, J-16*4, Y-8 EW, Y-8 ASW and KJ-500 AEW&amp;C ) entered #Taiwan’s southwest ADIZ on Apr. 9, 2021. Please check our official website for more information:  https://t.co/Do81sQtLKj  https://t.co/IhXzAKBT5b",11,53,124,278,1
2021-04-10,"4 PLA aircraft (Y-8 EW, Y-8 RECCE and KJ-500 AEW&amp;C*2 ) entered #Taiwan’s southwest ADIZ on Apr. 10, 2021. Please check our official website for more information:  https://t.co/AfkxdgCUoo  https://t.co/ITDFiK9IR6",4,53,127,323,1
2021-04-11,"One PLA Y-8 EW entered #Taiwan’s southwest ADIZ on Apr. 11, 2021. Please check our official website for more information:  https://t.co/zrUP8giZ4N  https://t.co/YWGPBeiCDC",1,34,74,257,1
2021-04-12,"25 PLA aircraft (Y-8 ASW*2, KJ-500 AEW&amp;C, J-10*4, J-16*14 and H-6K*4) entered #Taiwan’s southwest ADIZ on Apr. 12, 2021. Please check our official website for more information:  https://t.co/Lv5b0tXxvF  https://t.co/gPG3CKYpf9",25,129,334,638,1
2021-04-13,"5 PLA aircraft (Y-8 ASW and J-16*4 ) entered #Taiwan’s southwest ADIZ on Apr. 13, 2021. Please check our official website for more information:  https://t.co/7hbDqMEjAo  https://t.co/yIIHie3fRd",5,60,95,278,2
2021-04-14,,0,,,,
2021-04-15,"2 PLA J-16 entered #Taiwan’s southwest ADIZ in the afternoon of Apr. 15, 2021. Please check our official website for more information:   https://t.co/IUYWKzOmmU  https://t.co/PjwIcoioIl",2,37,87,224,1
2021-04-16,"One PLA Y-8 RECCE entered #Taiwan’s southwest ADIZ in the morning of Apr. 16, 2021. Please check our official website for more information:  https://t.co/Da3dcraHIb  https://t.co/KLtb3OhBvy",1,22,48,162,1
2021-04-17,"One PLA J-16 entered #Taiwan’s southwest ADIZ in the morning of Apr. 17, 2021. Please check our official website for more information:  https://t.co/w7aUr45OiA  https://t.co/16HB7oGped",1,45,89,230,1
2021-04-18,"3 PLA aircraft (Y-8 ASW*2 and Y-8 RECCE ) entered #Taiwan’s southwest ADIZ on Apr. 18, 2021. Please check our official website for more information:  https://t.co/pfcb8k4OQ9  https://t.co/hMNcmPM53p",3,26,66,193,1
2021-04-19,"One PLA Y-8 RECCE entered #Taiwan’s southwest ADIZ in the afternoon of Apr. 19, 2021. Please check our official website for more information:  https://t.co/6CnPFmyQKL  https://t.co/Io56WTk888",1,26,49,143,1
2021-04-20,"9 PLA aircraft (J-16*5, Y-8 EW, Y-8 RECCE and Y-8 ASW*2 ) entered #Taiwan’s southwest ADIZ on Apr. 20, 2021. Please check our official website for more information:  https://t.co/CjhlXHgFXJ  https://t.co/KGlp8hkUTv",9,44,99,262,1
2021-04-21,"2 PLA aircraft (Y-8 RECCE and Y-8 EW) entered #Taiwan’s southwest ADIZ on Apr. 21, 2021, the flight path as illustrated. #ROCAF tasked CAP aircraft and deployed air defense missile system to monitor the activity. No matter what happened, we keep #guarding our country day &amp; night.  https://t.co/6rvUzAS6yd",2,49,120,307,3
2021-04-22,,0,,,,
2021-04-23,,0,,,,
2021-04-24,"One PLA Y-8 ASW entered #Taiwan’s southwest ADIZ in the afternoon of Apr. 24, 2021. Please check our official website for more information:  https://t.co/dC7eR6T6QT  https://t.co/HHYXrfIr8h",1,27,54,177,1
2021-04-25,"One PLA Y-8 ASW entered #Taiwan’s southwest ADIZ in the morning of Apr. 25, 2021. Please check our official website for more information:  https://t.co/GtPvil7155  https://t.co/vhH5CT1VzN",1,22,41,154,1
2021-04-26,"2 PLA aircraft (Y-8 EW and Y-8 RECCE) entered #Taiwan’s southwest ADIZ in the morning of Apr. 26, 2021. Please check our official website for more information:  https://t.co/JEXlsSgcym  https://t.co/iyiVhKlrXH",2,38,72,191,4
2021-04-27,,0,,,,
2021-04-28,,0,,,,
2021-04-29,,0,,,,
2021-04-30,"5 PLA aircraft (Y-8 ASW, Y-8 EW, KJ-500 AEW&amp;C and J-16*2 ) entered #Taiwan’s southwest ADIZ on Apr. 30, 2021. Please check our official website for more information:  https://t.co/Vs2NKwmsJq  https://t.co/2TuogpOGRu",5,36,103,251,2
2021-05-01,,0,,,,
2021-05-02,"2 PLA aircraft (Y-8 RECCE and Y-8 ASW ) entered #Taiwan’s southwest ADIZ on May. 2, 2021. Please check our official website for more information:  https://t.co/KTwojKl525  https://t.co/EwIrElj1IO",2,27,66,212,2
2021-05-03,,0,,,,
2021-05-04,"One PLA Y-8 ASW entered #Taiwan’s southwest ADIZ in the afternoon of May. 4, 2021. Please check our official website for more information:  https://t.co/3Bv3ttA1cW  https://t.co/qMFoo0EWiy",1,35,62,204,2
2021-05-05,,0,,,,
2021-05-06,"One PLA Y-8 ASW entered #Taiwan’s southwest ADIZ in the afternoon of May. 6, 2021. Please check our official website for more information:  https://t.co/IqxC9qoT8k  https://t.co/73cwGwhB0B",1,20,65,161,1
2021-05-07,"2 PLA Y-8 ASW entered #Taiwan’s southwest ADIZ on May. 7, 2021. Please check our official website for more information:  https://t.co/ed2hmF75mX  https://t.co/VXuIqd3guf",2,23,55,171,1
2021-05-08,"2 PLA aircraft (Y-8 EW and Y-8 ASW ) entered #Taiwan’s southwest ADIZ on May. 8, 2021. Please check our official website for more information:  https://t.co/KOg9HJR19b  https://t.co/1OMKpmqpvH",2,34,64,202,3
2021-05-09,,0,,,,
2021-05-10,,0,,,,
2021-05-11,"One PLA Y-8 EW entered #Taiwan’s southwest ADIZ on May. 11, 2021. Please check our official website for more information:  https://t.co/mkjY3ncioR  https://t.co/kpk9byxKmW",1,15,44,126,1
2021-05-12,"One PLA Y-8 ASW entered #Taiwan’s southwest ADIZ in the afternoon of May. 12, 2021. Please check our official website for more information:  https://t.co/QRjVHm9anI  https://t.co/4T56qWDBhg",1,10,34,119,2
2021-05-13,,0,,,,
2021-05-14,"Two PLA aircraft (Y-8 ASW and Y-8 EW) entered #Taiwan’s southwest ADIZ in the morning of May. 14, 2021. Please check our official website for more information:  https://t.co/pnL8RpbF5Q  https://t.co/Y5grb4CsOE",2,16,64,177,1
2021-05-15,"One PLA Y-8 RECCE entered #Taiwan’s southwest ADIZ in the morning of May. 15, 2021. Please check our official website for more information:  https://t.co/4MyEkqtMit  https://t.co/n4lA5b0aNs",1,22,42,143,2
2021-05-16,,0,,,,
2021-05-17,"One PLA Y-8 EW entered #Taiwan’s southwest ADIZ in the morning of May. 17, 2021. Please check our official website for more information:  https://t.co/NHEv6vMGVV  https://t.co/sPMZ7UFXFI",1,25,30,111,2
2021-05-18,,0,,,,
2021-05-19,"One PLA Y-8 ASW entered #Taiwan’s southwest ADIZ in the morning of May. 19, 2021. Please check our official website for more information:  https://t.co/QKbg7Bjj1U  https://t.co/Kssnx4T9V4",1,37,28,99,1
2021-05-20,"4 PLA aircraft (JH-7*2, Y-8 EW and Y-8 ASW ) entered #Taiwan’s southwest ADIZ on May. 20, 2021. Please check our official website for more information:  https://t.co/RLVN5ztYP2  https://t.co/57YybmwZhU",4,32,86,224,1
2021-05-21,"4 PLA aircraft (J-16*2, Y-8 EW and Y-8 ASW ) entered #Taiwan’s southwest ADIZ on May. 21, 2021. Please check our official website for more information:  https://t.co/3VfKlxrfn2  https://t.co/7UOKnErw2i",4,46,77,195,1
2021-05-22,"One PLA Y-8 ASW entered #Taiwan’s southwest ADIZ in the afternoon of May. 22, 2021. Please check our official website for more information:  https://t.co/1GCL94IxIh  https://t.co/sZEhAKDnvl",1,46,55,166,1
2021-05-23,"Two PLA aircraft (Y-8 ASW and Y-8 EW) entered #Taiwan’s southwest ADIZ in the morning of May. 23, 2021. Please check our official website for more information:  https://t.co/3kYOx9U1Yj  https://t.co/rEHb6SAVqd",2,41,56,177,1
2021-05-24,"One PLA Y-8 EW entered #Taiwan’s southwest ADIZ in the morning of May. 24, 2021. Please check our official website for more information:  https://t.co/2QjjE18KCe  https://t.co/mQD9gUz4Xl",1,37,61,188,2
2021-05-25,,0,,,,
2021-05-26,"One PLA KJ-500 AEW&amp;C entered #Taiwan’s southwest ADIZ in the afternoon of May. 26, 2021. Please check our official website for more information:  https://t.co/QopFUOqTCV  https://t.co/Rg4cj6SBQP",1,41,45,148,2
2021-05-27,,0,,,,
2021-05-28,"One PLA Y-8 ASW entered #Taiwan’s southwest ADIZ in the afternoon of May. 28, 2021. Please check our official website for more information:  https://t.co/U2pF6tkS5E  https://t.co/qTxLIakt85",1,63,51,193,6
2021-05-29,,0,,,,
2021-05-30,,0,,,,
2021-05-31,,0,,,,
2021-06-01,,0,,,,
2021-06-02,,0,,,,
2021-06-03,"One PLA Y-8 EW entered #Taiwan’s southwest ADIZ in the morning of June. 3, 2021. Please check our official website for more information:  https://t.co/jAqb1jXzUr  https://t.co/RVRab2zevE",1,36,49,147,1
2021-06-04,"One PLA KJ-500 AEW&amp;C entered #Taiwan’s southwest ADIZ in the morning of June. 4, 2021. Please check our official website for more information:  https://t.co/4oZY7YTa7q  https://t.co/ShcbQ2XO10",1,21,47,158,10
2021-06-05,,0,,,,
2021-06-06,,0,,,,
2021-06-07,,0,,,,
2021-06-08,,0,,,,
2021-06-09,,0,,,,
2021-06-10,,0,,,,
2021-06-11,,0,,,,
2021-06-12,,0,,,,
2021-06-13,,0,,,,
2021-06-14,"One PLA Y-8 ASW entered #Taiwan’s southwest ADIZ in the afternoon of June. 14, 2021. Please check our official website for more information:  https://t.co/Z4EnUcSMai  https://t.co/j6ZvwLMB1y",1,20,66,181,1
2021-06-15,"28 PLA aircraft (Y-8 ASW, H-6*4, Y-8 EW, KJ-500 AEW&amp;C*2, J-16*14 and J-11*6) entered #Taiwan’s southwest ADIZ on June. 15, 2021. Please check our official website for more information:  https://t.co/JnfN8bOwgl  https://t.co/MBJv2jbNMZ",28,138,441,859,1
2021-06-16,"One PLA Y-8 ASW entered #Taiwan’s southwest ADIZ in the afternoon of June. 16, 2021. Please check our official website for more information:  https://t.co/Jy61luvDOt  https://t.co/gsZJf90tIA",1,26,47,177,1
2021-06-17,"7 PLA aircraft (Y-8 EW, J-16*2 and J-7*4) entered #Taiwan’s southwest ADIZ in the morning of June. 17, 2021. Please check our official website for more information:  https://t.co/gND0uoX3ai  https://t.co/E3ndmNh1sd",7,56,133,329,1
2021-06-18,"One PLA Y-8 ASW entered #Taiwan’s southwest ADIZ in the afternoon of June. 18, 2021. Please check our official website for more information:  https://t.co/kn9fJDnR5m  https://t.co/ADkflvwi0r",1,28,45,142,1
2021-06-19,"One PLA Y-8 ASW entered #Taiwan’s southwest ADIZ in the afternoon of June. 19, 2021. Please check our official website for more information:  https://t.co/M5EFssHqcU  https://t.co/MFCPZrkk7R",1,18,47,136,1
2021-06-20,"One PLA Y-8 ASW entered #Taiwan’s southwest ADIZ in the morning of June. 20, 2021. Please check our official website for more information:  https://t.co/YPrqq4tNkR  https://t.co/lG7QySrrHM",1,46,65,230,6
2021-06-21,,0,,,,
2021-06-22,,0,,,,
2021-06-23,,0,,,,
2021-06-24,,0,,,,
2021-06-25,,0,,,,
2021-06-26,"One PLA Y-8 ASW entered #Taiwan’s southwest ADIZ in the morning of June. 26, 2021. Please check our official website for more information:  https://t.co/NaWCVVPVjY  https://t.co/BS1aiVVL2P",1,35,54,181,6
2021-06-27,,0,,,,
2021-06-28,,0,,,,
2021-06-29,,0,,,,
2021-06-30,,0,,,,
2021-07-01,,0,,,,
2021-07-02,"One PLA Y-8 ASW entered #Taiwan’s southwest ADIZ in the afternoon of July. 2, 2021. Please check our official website for more information:  https://t.co/JQBC3PmtOB  https://t.co/RUBSYdK5e2",1,37,40,123,0
2021-07-02,"One PLA Y-8 EW entered #Taiwan’s southwest ADIZ in the morning of July 2, 2021. Please check our official website for more information:  https://t.co/yHqjuVpPPF  https://t.co/KYPQ8hQ1Vu",1,27,50,157,1
2021-07-03,"One PLA Y-8 ASW entered #Taiwan’s southwest ADIZ in the afternoon of July. 3, 2021. Please check our official website for more information:  https://t.co/tKt39iBo1s  https://t.co/tPFkRzn0MV",1,32,50,170,1
2021-07-04,"One PLA Y-8 ASW entered #Taiwan’s southwest ADIZ in the afternoon of July. 4, 2021. Please check our official website for more information:  https://t.co/a7SPRG2BbR  https://t.co/4zbE0c5Xof",1,47,51,172,3
2021-07-05,,0,,,,
2021-07-06,,0,,,,
2021-07-07,"One PLA Y-8 EW entered #Taiwan’s southwest ADIZ in the morning of July 7, 2021. Please check our official website for more information:  https://t.co/Xam8CxplSh  https://t.co/Kb223zWvxA",1,20,41,136,1
2021-07-08,"One PLA Y-8 EW entered #Taiwan’s southwest ADIZ in the morning of July 8, 2021. Please check our official website for more information:  https://t.co/60K0jofOXy  https://t.co/OrbKGcfojg",1,28,46,142,4
2021-07-09,,0,,,,
2021-07-10,,0,,,,
2021-07-11,,0,,,,
2021-07-12,"One PLA Y-8 ASW entered #Taiwan’s southwest ADIZ in the afternoon of July. 12, 2021. Please check our official website for more information:  https://t.co/VQuG76Ncjl  https://t.co/7f518IB9c4",1,19,39,113,0
2021-07-12,"One PLA Y-8 EW entered #Taiwan’s southwest ADIZ in the morning of July 12, 2021. Please check our official website for more information:  https://t.co/WYpyqEjxYs  https://t.co/P4ffpzuzRi",1,13,36,106,1
2021-07-13,"2 PLA aircrafts (Y-8 EW and Y-8 RECCE) entered #Taiwan’s southwest ADIZ in the morning of July 13, 2021. Please check our official website for more information:  https://t.co/OQ83XjuntR  https://t.co/qYj58phBY5",2,26,40,141,1
2021-07-14,"One PLA Y-8 ASW entered #Taiwan’s southwest ADIZ in the afternoon of July. 14, 2021. Please check our official website for more information:  https://t.co/UfwS2mQ9aW  https://t.co/MUqkfbxEg4",1,21,33,122,1
2021-07-15,"One PLA Y-8 ASW entered #Taiwan’s southwest ADIZ in the afternoon of July. 15, 2021. Please check our official website for more information:  https://t.co/MfSekldimv  https://t.co/QYNB4IxPeA",1,28,32,110,6
2021-07-16,,0,,,,
2021-07-17,,0,,,,
2021-07-18,,0,,,,
2021-07-19,,0,,,,
2021-07-20,,0,,,,
2021-07-21,"One PLA Y-8 ASW entered #Taiwan’s southwest ADIZ in the afternoon of July. 21, 2021. Please check our official website for more information:  https://t.co/eHyWyZSOzj  https://t.co/r11H0zmv5y",1,12,46,150,1
2021-07-22,"One PLA Y-8 ASW entered #Taiwan’s southwest ADIZ in the afternoon of July. 22, 2021. Please check our official website for more information:  https://t.co/Z6NkzSXbzy  https://t.co/S3PdK64imt",1,16,41,131,3
2021-07-23,,0,,,,
2021-07-24,,0,,,,
2021-07-25,"One PLA Y-8 ASW entered #Taiwan’s southwest ADIZ in the afternoon of July. 25, 2021. Please check our official website for more information:  https://t.co/38wFbxHAQr  https://t.co/iv7jn66INL",1,25,52,184,2
2021-07-26,,0,,,,
2021-07-27,"One PLA Y-8 ASW entered #Taiwan’s southwest ADIZ in the morning of July 27, 2021. Please check our official website for more information:  https://t.co/R2u0qIBSDj  https://t.co/wSj2pwOinx",1,11,45,173,1
2021-07-28,"One PLA Y-8 ASW entered #Taiwan’s southwest ADIZ in the morning of July 28, 2021. Please check our official website for more information:  https://t.co/QyD3ZxWU0n  https://t.co/UZLawk0lbv",1,18,46,141,11
2021-07-29,,0,,,,
2021-07-30,,0,,,,
2021-07-31,,0,,,,
2021-08-01,,0,,,,
2021-08-02,,0,,,,
2021-08-03,,0,,,,
2021-08-04,,0,,,,
2021-08-05,,0,,,,
2021-08-06,,0,,,,
2021-08-07,,0,,,,
2021-08-08,"One PLA Y-8 ASW entered #Taiwan’s southwest ADIZ in the morning of August 8, 2021. Please check our official website for more information:  https://t.co/yz66J7TJrI  https://t.co/2x9R9qYqmU",1,45,53,199,3
2021-08-09,,0,,,,
2021-08-10,,0,,,,
2021-08-11,"One PLA Y-8 ELINT entered #Taiwan’s southwest ADIZ in the morning of August 11, 2021. Please check our official website for more information:  https://t.co/huUIm2MQUP  https://t.co/Mmz4Q5FntD",1,21,37,142,1
2021-08-12,"One PLA Y-8 ASW entered #Taiwan’s southwest ADIZ in the afternoon of August 12, 2021. Please check our official website for more information:  https://t.co/FytK64oPsC  https://t.co/vn9HqmHCEO",1,25,36,147,0
2021-08-12,"6 PLA aircraft (Y-8 EW, Y-8 ELINT and J-16*4) entered #Taiwan’s southwest ADIZ in the morning of August. 12, 2021. Please check our official website for more information:  https://t.co/R1xoCCFcIu  https://t.co/nbqfkjOMKg",6,24,68,223,3
2021-08-13,,0,,,,
2021-08-14,,0,,,,
2021-08-15,"One PLA Y-8 ASW entered #Taiwan’s southwest ADIZ in the afternoon of August 15, 2021. Please check our official website for more information:  https://t.co/jsCPp8baBC  https://t.co/8DcJ2hVRDK",1,37,48,190,1
2021-08-16,"One PLA Y-8 ASW entered #Taiwan’s southwest ADIZ in the morning of August 16, 2021. Please check our official website for more information:  https://t.co/KLGatd4SGm  https://t.co/vVu0ecF9sU",1,32,51,178,1
2021-08-17,"11 PLA aircraft (Y-8 ASW, Y-8 EW, KJ-500 AEW&amp;C, J-16*6, and H-6K*2) entered #Taiwan’s southwest ADIZ in the morning of August 17, 2021. Please check our official website for more information:  https://t.co/c2Wfo13DDi  https://t.co/oUvi4DUUVj",11,115,171,435,2
2021-08-18,,0,,,,
2021-08-19,"One PLA H-6 entered #Taiwan’s southwest ADIZ in the afternoon of August 19, 2021. Please check our official website for more information:  https://t.co/4w1CVOpCjE  https://t.co/QnXmQ05RyZ",1,47,66,231,3
2021-08-20,,0,,,,
2021-08-21,,0,,,,
2021-08-22,"One PLA Y-8 ASW entered #Taiwan’s southwest ADIZ in the afternoon of August 22, 2021. Please check our official website for more information:  https://t.co/7fpm1DBFiO  https://t.co/KKZwbM9QJs",1,18,46,167,1
2021-08-23,"2 PLA aircraft (Y-8 EW and Y-8 ASW) entered #Taiwan’s southwest ADIZ on August. 23, 2021. Please check our official website for more information:  https://t.co/MfIsnONZw6  https://t.co/uPIFthDnta",2,22,39,153,2
2021-08-24,,0,,,,
2021-08-25,"One PLA Y-8 ASW entered #Taiwan’s southwest ADIZ in the afternoon of August 25, 2021. Please check our official website for more information:  https://t.co/h1mx9x95Bk  https://t.co/PzOX8tmwU7",1,26,51,179,1
2021-08-26,"2 PLA aircraft (Y-8 ASW and Z-9 ASW) entered #Taiwan’s southwest ADIZ in the afternoon of August. 26, 2021. Please check our official website for more information:  https://t.co/9J3kMkgFbe  https://t.co/Si4WABHIrO",2,25,68,184,1
2021-08-27,"3 PLA aircraft (Y-8 ASW and Z-8*2) entered #Taiwan’s southwest ADIZ in the morning of August. 27, 2021. Please check our official website for more information:  https://t.co/62FKnxemhn  https://t.co/Gw8V3FNRE3",3,34,67,245,2
2021-08-28,,0,,,,
2021-08-29,"One PLA Y-8 RECCE entered #Taiwan’s southwest ADIZ in the morning of August 29, 2021. Please check our official website for more information:  https://t.co/E709D1wK1H  https://t.co/r9ezQivjy3",1,25,48,173,1
2021-08-30,"One PLA Y-8 RECCE entered #Taiwan’s southwest ADIZ in the morning of August 30, 2021. Please check our official website for more information:  https://t.co/GhsxGNpFPi  https://t.co/dQt5lAXwar",1,31,38,165,2
2021-08-31,,0,,,,
2021-09-01,"One PLA Y-8 RECCE entered #Taiwan’s southwest ADIZ in the morning of September 1, 2021. Please check our official website for more information:  https://t.co/PmWhUSPryu  https://t.co/JSR3el5TWm",1,24,47,163,2
2021-09-02,,0,,,,
2021-09-03,"4 PLA aircraft (Y-8 ELINT, Y-8 ASW and H-6K*2)  entered #Taiwan’s southwest ADIZ in the morning of September 3, 2021. Please check our official website for more information:  https://t.co/A84oijwDk2  https://t.co/1lWHwCf7j1",4,20,60,145,1
2021-09-04,"4 PLA aircraft (JH-7*2 and Y-8 ASW*2)  entered #Taiwan’s southwest ADIZ on September 4, 2021. Please check our official website for more information:  https://t.co/FCj4iSD1Ge  https://t.co/irpR1nn3Eb",4,20,72,245,1
2021-09-05,"19 PLA aircraft (Y-8 ASW, H-6*4, J-16*10 and SU-30*4) entered #Taiwan’s southwest ADIZ on September 5, 2021. Please check our official website for more information:  https://t.co/4krSmean3X  https://t.co/1sV3OA4ode",19,78,178,404,1
2021-09-06,"4 PLA aircraft (SU-30*2 and J-16*2)  entered #Taiwan’s southwest ADIZ in the morning of September 6, 2021. Please check our official website for more information:  https://t.co/BVB49aCaAv  https://t.co/ZD1qwwTl2O",4,41,94,281,1
2021-09-07,"One PLA Y-8 EW entered #Taiwan’s southwest ADIZ in the morning of September 7, 2021. Please check our official website for more information:  https://t.co/7cIhQjpI9c  https://t.co/7n7EKti0aY",1,31,53,174,1
2021-09-08,"One PLA Y-8 ASW entered #Taiwan’s southwest ADIZ in the afternoon of September 8, 2021. Please check our official website for more information:  https://t.co/Tmsgc6qmiB  https://t.co/h1xLeMqCVN",1,18,41,178,0
2021-09-08,"3 PLA aircraft (J-16*2 and Y-8 EW)  entered #Taiwan’s southwest ADIZ in the morning of September 8, 2021. Please check our official website for more information:  https://t.co/gMkqTZ9T6n  https://t.co/5x4rQIZqTt",3,25,60,166,1
2021-09-09,"One PLA Y-8 ASW entered #Taiwan’s southwest ADIZ in the afternoon of September 9, 2021. Please check our official website for more information:  https://t.co/A7NGrR2emk  https://t.co/do8ddrV24u",1,6,35,135,1
2021-09-10,"One PLA Y-8 ASW entered #Taiwan’s southwest ADIZ in the afternoon of September 10, 2021. Please check our official website for more information:  https://t.co/ekpyx7sFJ3  https://t.co/AUaTOAGo1r",1,10,39,144,1
2021-09-11,"One PLA Y-8 ASW entered #Taiwan’s southwest ADIZ in the afternoon of September 11, 2021. Please check our official website for more information:  https://t.co/QEb2OIxh9B  https://t.co/c7sFsD2CtM",1,20,40,167,1
2021-09-12,"One PLA Y-8 ASW entered #Taiwan’s southwest ADIZ in the afternoon of September 12, 2021. Please check our official website for more information:  https://t.co/UahyYOWNqJ  https://t.co/dn3dtHBQqT",1,12,44,154,1
2021-09-13,"One PLA Y-8 EW entered #Taiwan’s southwest ADIZ in the morning of September 13, 2021. Please check our official website for more information:  https://t.co/lkDM1z2jUY  https://t.co/BzO40R2ExD",1,15,53,162,1
2021-09-14,"2 PLA J-16 entered #Taiwan’s southwest ADIZ in the afternoon of September 14, 2021. Please check our official website for more information:  https://t.co/hgqOQ2L9Do  https://t.co/BJYwPFYRX6",2,18,31,167,1
2021-09-15,"9 PLA aircraft (Y-8 RECCE, J-16*6, KJ-500 AEW&amp;C and Y-8 ASW) entered #Taiwan’s southwest ADIZ on September 15, 2021. Please check our official website for more information:  https://t.co/VSbi76pXJj  https://t.co/JQVGsIbV8Q",9,24,79,228,1
2021-09-16,"3 PLA aircraft (J-16*2 and Y-8 EW)  entered #Taiwan’s southwest ADIZ in the morning of September 16, 2021. Please check our official website for more information:  https://t.co/xRgT5ESUeD  https://t.co/jVBCHaW1Mh",3,19,47,208,0
2021-09-16,"3 PLA aircraft (J-16*2 and Y-8 EW)  entered #Taiwan’s southwest ADIZ in the morning of September 16, 2021. Please check our official website for more information:  https://t.co/xRgT5ESUeD  https://t.co/jVBCHaW1Mh",3,19,47,208,1
2021-09-17,"10 PLA aircraft (Y-8 ASW, Y-8 RECCE, J-11*2 and J-16*6)  entered #Taiwan’s southwest ADIZ on September 17, 2021. Please check our official website for more information:  https://t.co/YEOidhGWXx  https://t.co/4ULG8nolnU",10,49,102,241,0
2021-09-17,"10 PLA aircraft (Y-8 ASW, Y-8 RECCE, J-11*2 and J-16*6)  entered #Taiwan’s southwest ADIZ on September 17, 2021. Please check our official website for more information:  https://t.co/YEOidhGWXx  https://t.co/4ULG8nolnU",10,49,102,241,1
2021-09-18,"3 PLA aircraft (J-16*2 and Y-8 ASW)  entered #Taiwan’s southwest ADIZ in the morning of September 19, 2021. Please check our official website for more information:  https://t.co/OYGpPZ0kiq  https://t.co/QSVj0ji5BY",3,38,75,275,0
2021-09-18,"3 PLA aircraft (J-16*2 and Y-8 ASW)  entered #Taiwan’s southwest ADIZ in the morning of September 19, 2021. Please check our official website for more information:  https://t.co/OYGpPZ0kiq  https://t.co/QSVj0ji5BY",3,38,75,275,1
2021-09-19,"One PLA Y-8 ASW entered #Taiwan’s southwest ADIZ on September 19, 2021. Please check our official website for more information:  https://t.co/WEau7uAf6M  https://t.co/HQivxVOngD",1,18,54,168,0
2021-09-19,"One PLA Y-8 ASW entered #Taiwan’s southwest ADIZ on September 19, 2021. Please check our official website for more information:  https://t.co/WEau7uAf6M  https://t.co/HQivxVOngD",1,18,54,169,1
2021-09-20,"One PLA Y-8 ASW entered #Taiwan’s southwest ADIZ in the afternoon of September 20, 2021. Please check our official website for more information:  https://t.co/w6NR9ppPNH  https://t.co/gZLRSfLNwD",1,23,56,164,0
2021-09-20,"One PLA Y-8 ASW entered #Taiwan’s southwest ADIZ in the afternoon of September 20, 2021. Please check our official website for more information:  https://t.co/w6NR9ppPNH  https://t.co/gZLRSfLNwD",1,23,56,164,2
2021-09-21,,0,,,,
2021-09-22,"2 PLA aircraft (Y-8 EW and Y-8 ASW)  entered #Taiwan’s southwest ADIZ on September 22, 2021. Please check our official website for more information:  https://t.co/gPfmDRMaeE  https://t.co/TjwNRVXN43",2,12,52,143,0
2021-09-22,"2 PLA aircraft (Y-8 EW and Y-8 ASW)  entered #Taiwan’s southwest ADIZ on September 22, 2021. Please check our official website for more information:  https://t.co/gPfmDRMaeE  https://t.co/TjwNRVXN43",2,12,52,143,1
2021-09-23,"5 PLA aircraft (J-16*2, KJ-500 AEW&amp;C and J-11*2)  entered #Taiwan’s southwest ADIZ in the afternoon of September 23, 2021. Please check our official website for more information:  https://t.co/dnE5VagCye  https://t.co/GiQEnVdTZM",5,24,91,191,0
2021-09-23,"19 PLA aircraft (J-16*12, Y-8 ASW*2, H-6*2, Y-8 EW and J-11*2)  entered #Taiwan’s southwest ADIZ in the morning of September 23, 2021. Please check our official website for more information:  https://t.co/c5EJJFhzKL  https://t.co/81fIdFbWFI",19,87,191,514,0
2021-09-23,"5 PLA aircraft (J-16*2, KJ-500 AEW&amp;C and J-11*2)  entered #Taiwan’s southwest ADIZ in the afternoon of September 23, 2021. Please check our official website for more information:  https://t.co/dnE5VagCye  https://t.co/GiQEnVdTZM",5,24,91,192,0
2021-09-23,"19 PLA aircraft (J-16*12, Y-8 ASW*2, H-6*2, Y-8 EW and J-11*2)  entered #Taiwan’s southwest ADIZ in the morning of September 23, 2021. Please check our official website for more information:  https://t.co/c5EJJFhzKL  https://t.co/81fIdFbWFI",19,87,195,521,1
2021-09-24,"3 PLA aircraft (Y-8 EW and J-16*2) entered #Taiwan’s southwest ADIZ in the morning of September 24, 2021. Please check our official website for more information:  https://t.co/OCgKpsPxHX  https://t.co/66A8Q704LK",3,21,72,229,0
2021-09-24,"3 PLA aircraft (Y-8 EW and J-16*2) entered #Taiwan’s southwest ADIZ in the morning of September 24, 2021. Please check our official website for more information:  https://t.co/OCgKpsPxHX  https://t.co/66A8Q704LK",3,24,73,238,1
2021-09-25,"One PLA Y-8 ASW entered #Taiwan’s southwest ADIZ in the afternoon of September 25, 2021. Please check our official website for more information:  https://t.co/oBUYpwxxhh  https://t.co/eGs0TlxIfE",1,5,29,59,
,total,662,,,,
,max,28,,,,
,average per dispatch,2.68016194331984,,,,
,average interval,1.5265306122449,,,,
